url,institution,credit_code,field,original_name,local_file,bytes,status,note,extract_status,text_chars
https://www.ucop.edu/safety-and-loss-prevention/_files/groups/herbicide-task-force-report.pdf,"University of California, Berkeley",PRE-2,"Narrative and/or website URL providing an overview of the third featured program initiative, or accomplishment",herbicide-task-force-report.pdf,b61ddfd77483bf62.pdf,8255009,downloaded,application/pdf,ok,128426
https://facilities.berkeley.edu/sites/default/files/fs_ucberkeley_green_cleaning_program_2010.pdf,"University of California, Berkeley",OP-2,Online location of the institution’s green cleaning policy,fs_ucberkeley_green_cleaning_program_2010.pdf,3972de6ec2aba871.pdf,43667,downloaded,application/pdf,ok,12768
https://facilities.berkeley.edu/sites/default/files/ucb_campus_design_standards_2020.pdf,"University of California, Berkeley",OP-2,"Online location of the institution’s minimum standards for water efficient fixtures, fittings, and equipment",ucb_campus_design_standards_2020.pdf,09a2d17fc84bf8b4.pdf,7783795,downloaded,application/pdf,ok,1432647
https://sustainability.berkeley.edu/sites/default/files/university_of_california_berkeley_ipm_1.pdf,"University of California, Berkeley",OP-4,Online location of the institution’s IPM protocol,university_of_california_berkeley_ipm_1.pdf,d586048bb8329bb2.pdf,329413,downloaded,application/pdf,ok,43298
https://www.ucop.edu/procurement-services/for-ucstaff/sustainable-procurement/sustainableprocurementguidelines.pdf,"University of California, Berkeley",OP-9,Online location of the institution’s supplier code of conduct,sustainableprocurementguidelines.pdf,,0,error,HTTP 404,not_downloaded,0
https://cleanenergycampus.berkeley.edu/sites/default/files/irap_final_05-2024_-_aei_report_version_2.pdf,"University of California, Berkeley",PA-1,Narrative outlining the activities and substantive accomplishments of the institution-wide coordinating body or officer during the previous three years,irap_final_05-2024_-_aei_report_version_2.pdf,,0,error,HTTP 404,not_downloaded,0
https://sustainability.berkeley.edu/sites/default/files/uc_berkeley_sustainability_plan_2020_1.pdf,"University of California, Berkeley",PA-2,Narrative listing the institution’s measurable sustainability objectives that address campus operations,uc_berkeley_sustainability_plan_2020_1.pdf,,0,error,HTTP 404,not_downloaded,0
https://sustainability.berkeley.edu/sites/default/files/uc_berkeley_green_labs_action_plan_may_2020.pdf,"University of California, Berkeley",PA-2,Narrative listing the institution’s measurable sustainability objectives that address campus operations,uc_berkeley_green_labs_action_plan_may_2020.pdf,,0,error,HTTP 404,not_downloaded,0
https://facilities.berkeley.edu/sites/default/files/2019_uc_berkeley_zero_waste_plan_final.pdf,"University of California, Berkeley",PA-2,Narrative listing the institution’s measurable sustainability objectives that address campus operations,2019_uc_berkeley_zero_waste_plan_final.pdf,ab79b37bc931f325.pdf,2664040,downloaded,application/pdf,ok,89039
https://sustainability.berkeley.edu/sites/default/files/climate_vulnerability_initial_assessment_for_uc_berkeley_deboer.pdf,"University of California, Berkeley",PA-2,Narrative and/or website URL providing an overview of the institution’s climate resilience assessment,climate_vulnerability_initial_assessment_for_uc_berkeley_deboer.pdf,,0,error,HTTP 404,not_downloaded,0
https://regents.universityofcalifornia.edu/policies/6102.pdf,"University of California, Berkeley",PA-4,Narrative and/or website URL providing an overview of how the institution has incorporated ESG factors and/or climate risk as material issues to be considered when making investment decisions,6102.pdf,9a3a575600e2448a.pdf,274936,downloaded,application/pdf,ok,20339
https://www.ucop.edu/investment-office/sustainable-investment/active-ownership/custom-proxy-guidelines.pdf,"University of California, Berkeley",PA-4,Narrative and/or website URL providing an overview of the institution’s proxy voting in support of sustainability,custom-proxy-guidelines.pdf,,0,error,HTTP 404,not_downloaded,0
https://www.ucop.edu/investment-office/gep-holdings-disclosure-6-30-2024-final.pdf,"University of California, Berkeley",PA-5,Online location where the investment snapshot may be found,gep-holdings-disclosure-6-30-2024-final.pdf,,0,error,HTTP 404,not_downloaded,0
https://ucnet.universityofcalifornia.edu/wp-content/uploads/forms/pdf/pregnancy-newborn-child-and-adopted-child.pdf,"University of California, Berkeley",PA-12,Narrative and/or website URL providing an overview of the maternity leave options available to employees,pregnancy-newborn-child-and-adopted-child.pdf,58d79e1cda176ef6.pdf,321917,downloaded,application/pdf,ok,57090
https://capitalstrategies.berkeley.edu/sites/default/files/uc_berkeley_hill_campus_deir-508.pdf,"University of California, Berkeley",IL-24,Narrative and/or website URL outlining the methodology and results of the institution’s biodiversity assessment,uc_berkeley_hill_campus_deir-508.pdf,c64e2abdd7984319.pdf,30564345,downloaded,application/pdf,ok,1683332
https://capitalstrategies.berkeley.edu/sites/default/files/eir-volume-1.pdf,"University of California, Berkeley",IL-24,Narrative and/or website URL outlining the methodology and results of the institution’s biodiversity assessment,eir-volume-1.pdf,b8478635d33bf6c3.pdf,19755029,downloaded,application/pdf,ok,1748475
https://regents.universityofcalifornia.edu/policies/6111.pdf,"University of California, Berkeley",IL-54,Narrative and/or website URL providing an overview of the sustainability or ESG focused funds included in the institution’s employee retirement plan,6111.pdf,d39408e2018b0108.pdf,161692,downloaded,application/pdf,ok,7263
https://www.ucop.edu/investment-office/annual-report-240923_ucar24_final.pdf,"University of California, Berkeley",IL-54,Notes about the information provided for this credit,annual-report-240923_ucar24_final.pdf,97f6ac0bfb221b79.pdf,6448271,downloaded,application/pdf,ok,93815
https://www.ucc.ie/en/media/research/researchatucc/researchculture/policiesproceduresandguidelines/CodeofResearchConduct.pdf,University College Cork,AC-8,Online location of the institution’s ethical code of conduct for research,CodeofResearchConduct.pdf,6a712e99325d3cb1.pdf,809838,downloaded,application/pdf,ok,118853
https://www.ucc.ie/en/media/support/hr/RubricPromotionLecturertoSnrLecturerApril24.pdf,University College Cork,AC-8,Description or text of the promotion/tenure guidelines or policies that explicitly recognize integrated research,RubricPromotionLecturertoSnrLecturerApril24.pdf,07ec9a8061308b09.pdf,1080121,downloaded,application/pdf,ok,80859
https://www.ucc.ie/en/media/support/ocla/statutesregulations/documents/RegulationonAcademicPromotiontoProfessorScale2v1.3.pdf,University College Cork,AC-8,Description or text of the promotion/tenure guidelines or policies that explicitly recognize research impact or reach outside of academic journals,RegulationonAcademicPromotiontoProfessorScale2v1.3.pdf,6f7ec5c6aa916227.pdf,713034,downloaded,application/pdf,ok,73209
https://assets.gov.ie/static/documents/impact-2030-irelands-research-and-innovation-strategy.pdf,University College Cork,AC-8,Description of the institution’s inter-campus collaborations for responsible research and innovation,impact-2030-irelands-research-and-innovation-strategy.pdf,ce25130ba5077c8f.pdf,3339930,downloaded,application/pdf,ok,160986
https://www.ucc.ie/en/media/support/sustainabilityandclimateaction/2026GreenWeek.pdf,University College Cork,EN-2,Narrative outlining how student participation in the institution’s sustainability activities was determined,2026GreenWeek.pdf,06a5f8a1aa298d77.pdf,1390278,downloaded,application/pdf,no_text_layer,0
https://www.corklearningcity.ie/media/k1djwxe4/cork-learning-neighbourhoods-2024-v2.pdf,University College Cork,EN-6,Description of the institution’s community partnerships to support underrepresented groups and/or vulnerable populations in addressing sustainability challenges,cork-learning-neighbourhoods-2024-v2.pdf,93c93062ec30011b.pdf,7847104,downloaded,application/pdf,ok,4928
https://www.iua.ie/wp-content/uploads/2023/12/Guide-IUA-Engaged-Research-Framework-2022_V7-11.pdf,University College Cork,EN-6,Description of the institution’s approach to community partnership assessment and how the results are used to improve reciprocity and mutual benefit,Guide-IUA-Engaged-Research-Framework-2022_V7-11.pdf,d1b6c94ae84b0ad3.pdf,1191643,downloaded,application/pdf,ok,33867
https://www.ucc.ie/en/media/aboutucc/presidentx27soffice2024/plansandreports/uccplansandstrategiespdfs/UCCMasterplanJan2022.pdf,University College Cork,OP-1,Online location of the institution’s green building standards,UCCMasterplanJan2022.pdf,64d2bda6929d3d18.pdf,38201647,downloaded,application/pdf,ok,189233
https://www.ucc.ie/en/media/support/sustainabilityandclimateaction/UCCClimateActionRoadmap2024FINALv02.pdf,University College Cork,OP-6,Online location of the institution’s GHG emissions inventory,UCCClimateActionRoadmap2024FINALv02.pdf,9acb4c32c40b60e5.pdf,30087716,downloaded,application/pdf,ok,56544
https://www.epa.ie/publications/circular-economy/resources/EPA_GPP_Guidance_2024-revised.pdf,University College Cork,OP-9,Online location of the institution’s supplier code of conduct,EPA_GPP_Guidance_2024-revised.pdf,999fe0f8dd600319.pdf,1758144,downloaded,application/pdf,ok,249566
https://www.ucc.ie/en/media/research/researchatucc/policydocuments/2023/BiologicalWastePolicy.pdf,University College Cork,OP-11,Narrative and/or website URL providing an overview of the institution’s hazardous waste management program or protocol,BiologicalWastePolicy.pdf,c0f9b6b4d5bee218.pdf,135815,downloaded,application/pdf,ok,10156
https://consult.corkcity.ie/en/system/files/materials/9791/CCC-CAP-Climate-Change-Risk-Assessment.pdf,University College Cork,PA-2,Narrative and/or website URL providing an overview of the campus-community task force or committee focused on climate resilience,CCC-CAP-Climate-Change-Risk-Assessment.pdf,4a4900713835e6b5.pdf,20455228,downloaded,application/pdf,ok,135065
https://hea.ie/assets/uploads/2024/11/UCC-Performance-Agreement-2024%E2%80%932028.pdf,University College Cork,PA-3,Narrative and/or website URL outlining the ongoing bodies through which non-academic staff can democratically participate in the governance of the institution,UCC-Performance-Agreement-2024–2028.pdf,,0,error,HTTP 404,not_downloaded,0
https://www.ucc.ie/en/media/support/qualityenhancementunit/qpc/QEC-TermsofReference.pdf,University College Cork,PA-3,Narrative and/or website URL outlining the ongoing bodies through which non-academic staff can democratically participate in the governance of the institution,QEC-TermsofReference.pdf,,0,error,HTTP 404,not_downloaded,0
https://cantorfitzgerald.ie/wp-content/uploads/2024/01/LP-Ethical-and-Positive-Impact-Policy.pdf,University College Cork,PA-5,Narrative and/or website URL providing an overview of the institution’s positive sustainability investments,LP-Ethical-and-Positive-Impact-Policy.pdf,b7acf77f35890a69.pdf,478693,downloaded,application/pdf,ok,7217
https://cantorfitzgerald.ie/wp-content/uploads/2024/02/LP-Model-Portfolio_SFDR-website-disclosure-Art.-10-SFDR-.pdf,University College Cork,PA-5,Narrative and/or website URL providing an overview of the institution’s positive sustainability investments,LP-Model-Portfolio_SFDR-website-disclosure-Art.-10-SFDR-.pdf,8093b857428fe8c0.pdf,203983,downloaded,application/pdf,ok,17143
https://www.ucc.ie/en/media/support/edi/athenaswan/UCC2024-9ASActionPlan.pdf,University College Cork,PA-6,"Narrative and/or website URL providing an overview of the institution’s programs, initiatives, and networks for students that identify as members of marginalized racial, ethnic, and/or Indigenous groups",UCC2024-9ASActionPlan.pdf,5d375cf3b3a6dc9d.pdf,2634726,downloaded,application/pdf,no_text_layer,0
https://www.ucc.ie/en/media/support/edi/edidocuments/UCCRaceEqualityActionPlan(REAP)2026%E2%80%932028.pdf,University College Cork,PA-6,"Narrative and/or website URL providing an overview of the institution’s programs, initiatives, and networks for students that identify as members of marginalized racial, ethnic, and/or Indigenous groups",UCCRaceEqualityActionPlan(REAP)2026–2028.pdf,385aaea3b399e16d.pdf,22638051,downloaded,application/pdf,ok,32843
https://www.ucc.ie/en/media/academic/schoolofenglish/SupportTreeInfographic.pdf,University College Cork,PA-6,"Narrative and/or website URL providing an overview of the institution’s programs, initiatives, and networks for students that identify as members of marginalized racial, ethnic, and/or Indigenous groups",SupportTreeInfographic.pdf,2c6127772fd30260.pdf,252384,downloaded,application/pdf,ok,1392
https://www.ucc.ie/en/media/support/edi/edidocuments/AnnualReport2024_25PSD.pdf,University College Cork,PA-6,Online resource where the results of the institution’s institutional climate assessments are publicly available,AnnualReport2024_25PSD.pdf,4b9cd4002a6590e8.pdf,3221994,downloaded,application/pdf,ok,113268
https://www.ucc.ie/en/media/aboutucc/presidentx27soffice2024/plansandreports/uccreportspdfs/V3EDIGenderPayGapReport2025.pdf,University College Cork,PA-8,Notes about the information provided for this credit,V3EDIGenderPayGapReport2025.pdf,821e8cac6de084fd.pdf,1646144,downloaded,application/pdf,ok,32760
https://udlguidelines.cast.org/static/udlg_graphicorganizer_v2-2_numbers-no.pdf,University College Cork,IL-58,Narrative and/or website providing information about the institution’s universal design guidelines or principles,udlg_graphicorganizer_v2-2_numbers-no.pdf,7c9af48810802d94.pdf,433745,downloaded,application/pdf,ok,2370
https://www.glucksman.org/content/files/Files_Policies/StrategicPlan2024-2029.pdf?v=1746108945,University College Cork,IL-65,Narrative and/or website URL providing an overview of the innovation,StrategicPlan2024-2029.pdf,43c083caa178695e.pdf,2826168,downloaded,application/pdf,ok,16973
https://assets.gov.ie/static/documents/irelands-voluntary-national-review-2023.pdf,University College Cork,IL-66,Narrative and/or website URL providing an overview of the innovation,irelands-voluntary-national-review-2023.pdf,28874e6bf3b6762f.pdf,8730766,downloaded,application/pdf,ok,924042
https://www.tudublin.ie/media/website/explore/about-the-university/strategic-plan/documents/Strategic-Plan-2024-2028-FINAL.pdf,Technological University Dublin,PRE-2,"Narrative and/or website URL providing an overview of the third featured program initiative, or accomplishment",Strategic-Plan-2024-2028-FINAL.pdf,701017231575494a.pdf,2007336,downloaded,application/pdf,ok,20156
https://www.tudublin.ie/media/website/explore/about-the-university/equality-and-diversity/TU-Dublin-Strategic-Intent-2030.pdf,Technological University Dublin,AC-2,Text of each institutional learning outcome for undergraduate students that qualifies as sustainability-focused,TU-Dublin-Strategic-Intent-2030.pdf,7d51c233536dace6.pdf,2437030,downloaded,application/pdf,ok,17780
https://www.tudublin.ie/media/website/explore/about-the-university/academic-affairs/quality-framework/documents/Graduate-Attributes-V1.pdf,Technological University Dublin,AC-2,Text of each institutional learning outcome for undergraduate students that qualifies as sustainability-focused,Graduate-Attributes-V1.pdf,df308605a9fedf5e.pdf,759477,downloaded,application/pdf,ok,9702
https://edu.sulitest.org/files/source/Case%20Study_TUDublin_Final.pdf,Technological University Dublin,AC-5,Description of the process through which academic staff were involved in developing and/or adopting the methodologies used to assess sustainability literacy,Case Study_TUDublin_Final.pdf,1af3f64b415f428b.pdf,752923,downloaded,application/pdf,ok,13926
https://www.tudublin.ie/media/website/research/images/TU-Dublin-Research--Innovation-Strategy-Final-Landscape.pdf,Technological University Dublin,AC-7,List and description of the institution’s sustainability research units,TU-Dublin-Research--Innovation-Strategy-Final-Landscape.pdf,a201dfaffa2e0b52.pdf,2359201,downloaded,application/pdf,ok,43058
https://www.tudublin.ie/media/website/research/postgraduate-research/graduate-research-school/documents/TU-Dublin-Code-of-Conduct-for-Research-Integrity.pdf,Technological University Dublin,AC-8,Online location of the institution’s ethical code of conduct for research,TU-Dublin-Code-of-Conduct-for-Research-Integrity.pdf,6bb3569b43e3ae09.pdf,1341066,downloaded,application/pdf,ok,53829
https://hea.ie/assets/uploads/2024/11/TU-Dublin-Performance-Agreement-2024%E2%80%932028.pdf,Technological University Dublin,AC-8,Description or text of the promotion/tenure guidelines or policies that explicitly recognize integrated research,TU-Dublin-Performance-Agreement-2024–2028.pdf,,0,error,HTTP 404,not_downloaded,0
https://www.tudublin.ie/media/website/explore/about-the-university/academic-affairs/quality-framework/tallaght-qa/BOOK3_Research_Degree_Programme_Quality_Manual.pdf,Technological University Dublin,AC-8,Description or text of the promotion/tenure guidelines or policies that explicitly recognize integrated research,BOOK3_Research_Degree_Programme_Quality_Manual.pdf,,0,error,HTTP 404,not_downloaded,0
https://www.tudublin.ie/media/website/explore/policies-and-forms/research-and-innovation/TU-Dublin-Research-Ethics-Policy-REP03-Approved.pdf,Technological University Dublin,AC-8,Description or text of the promotion/tenure guidelines or policies that explicitly recognize integrated research,TU-Dublin-Research-Ethics-Policy-REP03-Approved.pdf,214dc9d6e88e76a4.pdf,743048,downloaded,application/pdf,ok,24126
https://www.tudublin.ie/media/website/explore/policies-and-forms/research-and-innovation/TU-Dublin-Research-Integrity-Policy-REP04-Approved.pdf,Technological University Dublin,AC-8,Description or text of the promotion/tenure guidelines or policies that explicitly recognize community-based research,TU-Dublin-Research-Integrity-Policy-REP04-Approved.pdf,,0,error,HTTP 404,not_downloaded,0
https://arrow.tudublin.ie/open_access_policy.pdf,Technological University Dublin,AC-8,Text or online location of the institution’s open access policies,open_access_policy.pdf,5dcb4feefa3a749c.pdf,1539077,downloaded,application/pdf,no_text_layer,0
https://www.tudublin.ie/media/website/explore/policies-and-forms/research-and-innovation/REP05-TU-Dublin-Authorship-and-Publication-Policy.pdf,Technological University Dublin,AC-8,Text or online location of the institution’s open access policies,REP05-TU-Dublin-Authorship-and-Publication-Policy.pdf,5357d67f0e7f091d.pdf,726976,downloaded,application/pdf,ok,25702
https://www.tudublin.ie/media/website/explore/foi/documents/TU-Dublin-Annual-Report-2022.pdf,Technological University Dublin,EN-3,Narrative outlining how employee participation in the institution’s sustainability activities was determined,TU-Dublin-Annual-Report-2022.pdf,,0,error,HTTP 404,not_downloaded,0
https://www.tudublin.ie/media/website/explore/about-the-university/sustainability/documents/TU-Dublin-Travel-Survey-2022.pdf,Technological University Dublin,EN-3,Narrative outlining how employee participation in the institution’s sustainability activities was determined,TU-Dublin-Travel-Survey-2022.pdf,5a2c607798bdf2d7.pdf,5056016,downloaded,application/pdf,ok,26274
https://assets.gov.ie/290392/2f64c07e-5eb2-4a7c-a5f8-78d1d9ce3ede.pdf,Technological University Dublin,EN-5,Narrative outlining how individuals affiliated with the institution have helped develop local or regional public policies that address sustainability challenges,2f64c07e-5eb2-4a7c-a5f8-78d1d9ce3ede.pdf,f8c6316eae5d2a15.pdf,3272069,downloaded,application/pdf,ok,463126
https://www.dublincity.ie/sites/default/files/2023-02/Final%20Vol%201%20Written%20Statement.pdf,Technological University Dublin,EN-5,Narrative outlining how individuals affiliated with the institution have helped develop local or regional public policies that address sustainability challenges,Final Vol 1 Written Statement.pdf,3308e08928fa40af.pdf,20626427,downloaded,application/pdf,ok,1474407
https://www.tudublin.ie/media/TU_Ph2a_CovidMob_BusinessCMR_IssDLR0223Fl.pdf,Technological University Dublin,EN-5,Narrative outlining how individuals affiliated with the institution have helped develop local or regional public policies that address sustainability challenges,TU_Ph2a_CovidMob_BusinessCMR_IssDLR0223Fl.pdf,f20257370b3fd439.pdf,2231106,downloaded,application/pdf,ok,50408
https://assets.gov.ie/298531/f2405ad1-a787-44a4-93fa-1a883d0fdfbd.pdf,Technological University Dublin,EN-5,Narrative outlining how individuals affiliated with the institution have helped develop national or international public policies that address sustainability challenges,f2405ad1-a787-44a4-93fa-1a883d0fdfbd.pdf,c07b07d833062731.pdf,2679603,downloaded,application/pdf,ok,46492
https://assets.gov.ie/290306/8485fcb6-c3ed-4878-aefc-6a61b6634404.pdf,Technological University Dublin,EN-5,Narrative outlining how individuals affiliated with the institution have helped develop national or international public policies that address sustainability challenges,8485fcb6-c3ed-4878-aefc-6a61b6634404.pdf,17a14239d5b9344f.pdf,2383743,downloaded,application/pdf,ok,129754
https://www.tudublin.ie/media/documents/Approaches-and-models-of-partnership-working.pdf,Technological University Dublin,EN-6,Online resource that includes the institution’s community partnership guidelines,Approaches-and-models-of-partnership-working.pdf,9b1553f31d2d88a5.pdf,2999008,downloaded,application/pdf,ok,335222
https://www.tudublin.ie/media/website/explore/about-the-university/sustainability/documents/Climate-Action-Roadmap-June-2024-web.pdf,Technological University Dublin,OP-1,List and description of building and renovation projects completed within the previous five years,Climate-Action-Roadmap-June-2024-web.pdf,92ece7403bdb1a81.pdf,4774767,downloaded,application/pdf,ok,123806
https://cms.eirgrid.ie/sites/default/files/publications/System-and-Renewable-Data-Summary-Report-September-2024.xlsx,Technological University Dublin,OP-5,Description of the uncertified off-site renewable sources of electricity,System-and-Renewable-Data-Summary-Report-September-2024.xlsx,b622d08670a0f0f1.xlsx,592592,downloaded,application/vnd.openxmlformats-officedocument.spreadsheetml.sheet,ok,307814
https://assets.gov.ie/294685/3de4b66e-ff15-410e-9211-260e08d93b14.pdf,Technological University Dublin,OP-5,Description of the certified bioenergy products,3de4b66e-ff15-410e-9211-260e08d93b14.pdf,3d5df59f6795b7b2.pdf,691413,downloaded,application/pdf,ok,112387
https://www.tudublin.ie/media/website/explore/foi/documents/TU--Dublin-Procurement-Policy-(21.11.23)-(1).pdf,Technological University Dublin,OP-9,Online location of the institution’s supplier code of conduct,TU--Dublin-Procurement-Policy-(21.11.23)-(1).pdf,fc50fea06a76bed3.pdf,1053868,downloaded,application/pdf,ok,23013
https://www.tudublin.ie/media/website/for-staff/health-and-safety/documents/Radiation-Protection-Advisory-Committee---Terms-of-Reference-v3---Feb-2023_2024-04-29_7-01.pdf,Technological University Dublin,OP-11,Narrative and/or website URL providing an overview of the institution’s hazardous waste management program or protocol,Radiation-Protection-Advisory-Committee---Terms-of-Reference-v3---Feb-2023_2024-04-29_7-01.pdf,0a089b3a7b0a5fea.pdf,121675,downloaded,application/pdf,ok,9336
https://www.tudublin.ie/media/website/explore/about-the-university/strategic-plan/creating-impact/documents/TU-Dublin-UN-Sustainability-Goals-Progress-Report-2020.pdf,Technological University Dublin,PA-2,Narrative and/or website URL outlining the institution’s external sustainability commitments that include a reporting requirement,TU-Dublin-UN-Sustainability-Goals-Progress-Report-2020.pdf,6a9fc5c4ea0c7c8e.pdf,936732,downloaded,application/pdf,ok,37362
https://www.tudublin.ie/media/website/explore/about-the-university/strategic-plan/creating-impact/documents/TU-Dublin-UN-Sustainability-Goals-Progress-Report-2021.pdf,Technological University Dublin,PA-2,Narrative and/or website URL outlining the institution’s external sustainability commitments that include a reporting requirement,TU-Dublin-UN-Sustainability-Goals-Progress-Report-2021.pdf,2d959c7ef43d1313.pdf,1248549,downloaded,application/pdf,ok,85438
https://www.tudublin.ie/media/website/explore/about-the-university/equality-and-diversity/documents/AthenaSwan_-Action-Plan.pdf,Technological University Dublin,PA-2,Narrative listing the institution’s measurable sustainability objectives that address racial equity and/or social justice,AthenaSwan_-Action-Plan.pdf,7e2f6a83c175608a.pdf,182471,downloaded,application/pdf,ok,56951
https://www.tudublin.ie/media/website/explore/about-the-university/sustainability/documents/TU-Dublin-Sustainability-Statement-UET-April-2022-Rev1.pdf,Technological University Dublin,PA-2,Narrative listing the institution’s measurable sustainability objectives that address administration and/or finance,TU-Dublin-Sustainability-Statement-UET-April-2022-Rev1.pdf,91ed1287d980d893.pdf,197418,downloaded,application/pdf,ok,9573
https://www.tudublin.ie/media/website/explore/about-the-university/strategic-plan/creating-impact/documents/TU-Dublin-Climate-Action-Plan-November-2020.pdf,Technological University Dublin,PA-2,Narrative listing the institution’s measurable sustainability objectives that address administration and/or finance,TU-Dublin-Climate-Action-Plan-November-2020.pdf,282dc4ede543cbc3.pdf,685040,downloaded,application/pdf,ok,4635
https://tudublinsu.ie/system/files/file-uploads/2024-07/tu-dublin-su-constitution-1st-july-2023.pdf,Technological University Dublin,PA-3,Narrative and/or website URL outlining the ongoing bodies through which students can democratically participate in the governance of the institution,tu-dublin-su-constitution-1st-july-2023.pdf,8deb3a07d0f26571.pdf,498303,downloaded,application/pdf,ok,98496
https://www.tudublin.ie/media/website/explore/governance-and-compliance/documents/TU-Dublin-Governing-Body-Membership-(17-Jan-2025).pdf,Technological University Dublin,PA-3,Narrative and/or website URL outlining the ongoing bodies through which students can democratically participate in the governance of the institution,TU-Dublin-Governing-Body-Membership-(17-Jan-2025).pdf,,0,error,HTTP 404,not_downloaded,0
https://www.tudublin.ie/media/website/explore/about-the-university/governance/documents/TU-Dublin-Governing-Body-Membership-(02-Sept-2024).pdf,Technological University Dublin,PA-3,Narrative and/or website URL outlining academic staff representation on the institution’s highest decision-making body,TU-Dublin-Governing-Body-Membership-(02-Sept-2024).pdf,,0,error,HTTP 404,not_downloaded,0
https://www.tudublin.ie/media/website/explore/about-the-university/academic-affairs/documents/AQAEC-Terms-of-Reference-V-1.1.pdf,Technological University Dublin,PA-3,"Description of other mechanisms used to consult academic staff on institutional decisions, plans, or policies",AQAEC-Terms-of-Reference-V-1.1.pdf,5ed7b8fdbf1acc53.pdf,707771,downloaded,application/pdf,ok,26357
https://www.tudublin.ie/media/website/for-staff/human-resources/HRP037.pdf,Technological University Dublin,PA-6,"Narrative and/or website URL providing an overview of the institution’s programs, initiatives, and networks for employees with disabilities",HRP037.pdf,075c792bd688feb8.pdf,409303,downloaded,application/pdf,ok,20524
https://www.qqi.ie/sites/default/files/2021-09/tu-dublin-cinnte-institutional-profile-2021.pdf,Technological University Dublin,PA-6,Description of the methodology used to assess institutional climate,tu-dublin-cinnte-institutional-profile-2021.pdf,a495b783b12a82b8.pdf,40253142,downloaded,application/pdf,ok,86589
https://studentsurvey.ie/sites/default/files/2024-01/StudentSurvey.ie%202023_TUDublin.pdf,Technological University Dublin,PA-6,Description of the methodology used to assess institutional climate,StudentSurvey.ie 2023_TUDublin.pdf,9e0c3b0dc374a58c.pdf,357485,downloaded,application/pdf,ok,17576
https://www.tudublin.ie/media/website/for-staff/human-resources/people-dev/prof-dev/documents/Staff-Supports-%281%29.pdf,Technological University Dublin,PA-11,Narrative and/or website URL providing an overview of the institution’s behavioral health services for employees,Staff-Supports-(1).pdf,,0,error,HTTP 404,not_downloaded,0
https://www.tudublin.ie/media/website/policies-and-forms/health-amp-safety/Smoking-Policy-for-TU-Dublin-City-Campus-May-2019.pdf,Technological University Dublin,PA-11,Narrative and/or website URL providing an overview of the institution’s smoke-free policies,Smoking-Policy-for-TU-Dublin-City-Campus-May-2019.pdf,,0,error,HTTP 404,not_downloaded,0
https://www.tudublin.ie/media/intranet/hr/policies/Maternity-Leave-HRP021-22.05.24.pdf,Technological University Dublin,PA-12,Narrative and/or website URL providing an overview of the maternity leave options available to employees,Maternity-Leave-HRP021-22.05.24.pdf,,24263,error,"got HTML, expected a document",not_downloaded,0
https://www.tudublin.ie/media/website/explore/about-the-university/gender-pay-gap/Gender-Pay-Gap-Report-2023-FINALv1.pdf,Technological University Dublin,PA-13,Online resource where the results of the institution’s internal pay equity assessments are available,Gender-Pay-Gap-Report-2023-FINALv1.pdf,6c7b8ee2810f920b.pdf,4789426,downloaded,application/pdf,ok,6532
https://www.tudublin.ie/media/website/for-staff/human-resources/salary-scales/Salary-Scales---01.10.2024.pdf,Technological University Dublin,PA-13,Narrative outlining the forms of remuneration included in the living wage calculations,Salary-Scales---01.10.2024.pdf,7f5414b1ebcb6d6f.pdf,292963,downloaded,application/pdf,ok,5439
https://www.tudublin.ie/media/website/for-staff/human-resources/Revised-Research-salary-scales-wef-01.10.2023.pdf,Technological University Dublin,PA-13,Narrative outlining the forms of remuneration included in the living wage calculations,Revised-Research-salary-scales-wef-01.10.2023.pdf,,0,error,HTTP 404,not_downloaded,0
https://www.seai.ie/sites/default/files/publications/Public-Sector-Annual-Report-2023-English.pdf,Technological University Dublin,IL-31,Narrative and/or website URL providing information about the third party verification of the institution’s GHG inventory,Public-Sector-Annual-Report-2023-English.pdf,597bdfc1499f293c.pdf,7974629,downloaded,application/pdf,ok,134349
https://reports.aashe.org/media/secure/443/9/842/8914/STARS_3.0_Executive_letter.pdf,"University of California, Berkeley",PRE-1,Executive cover letter,STARS_3.0_Executive_letter.pdf,fb7879110e9e06f2.pdf,572780,downloaded,application/pdf,ok,3888
https://reports.aashe.org/media/secure/443/9/846/8950/Final_STARS_Course__Department_File_2024.2.10.2024.xlsx,"University of California, Berkeley",AC-1,Annotated list or inventory of the institution’s sustainability course offerings by department,Final_STARS_Course__Department_File_2024.2.10.2024.xlsx,6e03df9e33a2d18a.xlsx,1227402,downloaded,application/vnd.openxmlformats-officedocument.spreadsheetml.sheet,ok,3248404
https://reports.aashe.org/media/secure/443/9/846/8955/2005_Campus_Sustainability_Assessment.pdf,"University of California, Berkeley",AC-1,Publication where the institution’s sustainability course listings are maintained,2005_Campus_Sustainability_Assessment.pdf,82ff0adeaf31eb2e.pdf,4886739,downloaded,application/pdf,ok,272115
https://reports.aashe.org/media/uploads/test_cases/UCB_Sustainability_Learning_Outcomes_AY_2020-21_to_2022-23_YDcnrUK_Updated.xlsx,"University of California, Berkeley",AC-2,Publication detailing the institutional learning outcomes for undergraduate students,UCB_Sustainability_Learning_Outcomes_AY_2020-21_to_2022-23_YDcnrUK_Updated.xlsx,,0,error,HTTP 404,not_downloaded,0
https://reports.aashe.org/media/secure/443/8/729/6444/Zwickle__Jones_2018_1.pdf,"University of California, Berkeley",AC-5,Additional documentation for this credit,Zwickle__Jones_2018_1.pdf,1462aefd5157c1e7.pdf,177237,downloaded,application/pdf,ok,49823
https://reports.aashe.org/media/secure/443/9/851/9020/Stars_Request_Research_Data_101424_4.xlsx,"University of California, Berkeley",AC-6,Annotated list or inventory of the institution’s sustainability research by department,Stars_Request_Research_Data_101424_4.xlsx,7980fd2f9c41da81.xlsx,333703,downloaded,application/vnd.openxmlformats-officedocument.spreadsheetml.sheet,ok,372996
https://reports.aashe.org/media/secure/443/9/863/9192/Sustainability_Data_Construction_11_20_2024.xlsx,"University of California, Berkeley",OP-1,Copy of the institution’s green building standards,Sustainability_Data_Construction_11_20_2024.xlsx,2f52de6c903c6770.xlsx,14290,downloaded,application/vnd.openxmlformats-officedocument.spreadsheetml.sheet,ok,3038
https://reports.aashe.org/media/secure/443/9/864/9208/UC_Berkeley_List_of_buildings_and_their_green_building_certifications.xlsx,"University of California, Berkeley",OP-2,Inventory of the institution’s existing buildings and their green building certifications,UC_Berkeley_List_of_buildings_and_their_green_building_certifications.xlsx,14b9bed2fdee0429.xlsx,9001,downloaded,application/vnd.openxmlformats-officedocument.spreadsheetml.sheet,ok,4314
https://reports.aashe.org/media/secure/443/7/659/5033/University%20Of%20California%20Berkeley%20IPM.pdf,"University of California, Berkeley",OP-4,Copy of the institution’s IPM protocol,University Of California Berkeley IPM.pdf,98fc661472d0c64e.pdf,334884,downloaded,application/pdf,ok,43298
https://reports.aashe.org/media/secure/443/9/869/9373/UC_BERKELEY__2024_Sustainability_SpendFinalized.xlsx,"University of California, Berkeley",OP-7,Inventory of qualifying food and beverage purchases,UC_BERKELEY__2024_Sustainability_SpendFinalized.xlsx,b1b01ef9d66ee167.xlsx,4439950,downloaded,application/vnd.openxmlformats-officedocument.spreadsheetml.sheet,ok,3884894
https://reports.aashe.org/media/secure/443/9/871/9470/uc-terms-conditions-12-14-21.pdf,"University of California, Berkeley",OP-9,Document supporting the percentage of bid solicitations reported,uc-terms-conditions-12-14-21.pdf,5bbb90bd61013f0d.pdf,284775,downloaded,application/pdf,ok,81220
https://reports.aashe.org/media/secure/443/9/884/9773/STARS_3.0_Racial_and_Ethnic_Diversity_Worksheet_1.xlsx,"University of California, Berkeley",PA-7,Completed racial and ethnic diversity worksheet,STARS_3.0_Racial_and_Ethnic_Diversity_Worksheet_1.xlsx,f47e88342d6fc910.xlsx,55045,downloaded,application/vnd.openxmlformats-officedocument.spreadsheetml.sheet,ok,5455
https://reports.aashe.org/media/secure/443/9/891/9920/Alina_Halstenberg_Completed_Copy_of_STARS_3.0_Review_Template_UCB.xlsx,"University of California, Berkeley",IL-1,Completed STARS Review Template,Alina_Halstenberg_Completed_Copy_of_STARS_3.0_Review_Template_UCB.xlsx,227b3dc39f2ad7cb.xlsx,67509,downloaded,application/vnd.openxmlformats-officedocument.spreadsheetml.sheet,ok,69065
https://reports.aashe.org/media/secure/989/9/842/8914/03.03.26-STARSProgrammeSubmission.pdf,University College Cork,PRE-1,Executive cover letter,03.03.26-STARSProgrammeSubmission.pdf,fb65a89da8e0756e.pdf,220830,downloaded,application/pdf,ok,2105
https://reports.aashe.org/media/secure/989/9/843/8918/Protest.jfif,University College Cork,PRE-2,"A photograph or document associated with the featured program, initiative, or accomplishment",Protest.jfif,174557b779878765,366032,downloaded,application/octet-stream,skipped_image,0
https://reports.aashe.org/media/secure/989/9/846/8950/STARS_Modules.pdf,University College Cork,AC-1,Annotated list or inventory of the institution’s sustainability course offerings by department,STARS_Modules.pdf,5451ae8b4ed4eea0.pdf,506731,downloaded,application/pdf,ok,28944
https://reports.aashe.org/media/secure/989/9/847/8981/UCC_SDGs_MAPPING_DRAFT_REPORT12.docx,University College Cork,AC-2,Additional documentation for this credit,UCC_SDGs_MAPPING_DRAFT_REPORT12.docx,5665255efb83aca7.docx,3388149,downloaded,application/vnd.openxmlformats-officedocument.wordprocessingml.document,ok,24461
https://reports.aashe.org/media/secure/989/9/850/9017/WP4_Survey_SDG4U.docx,University College Cork,AC-5,Additional documentation for this credit,WP4_Survey_SDG4U.docx,050edf0abc18ef58.docx,108792,downloaded,application/vnd.openxmlformats-officedocument.wordprocessingml.document,ok,14652
https://reports.aashe.org/media/secure/989/9/851/9020/UCC_Research_SDGs.xlsx,University College Cork,AC-6,Annotated list or inventory of the institution’s sustainability research by department,UCC_Research_SDGs.xlsx,c1510b8337a1f791.xlsx,11740,downloaded,application/vnd.openxmlformats-officedocument.spreadsheetml.sheet,ok,2704
https://reports.aashe.org/media/secure/989/8/734/6519/OpenAccessPublicationsPolicy.docx,University College Cork,AC-8,Copy of the institution’s open access policies,OpenAccessPublicationsPolicy.docx,27575d4ce870407a.docx,74338,downloaded,application/vnd.openxmlformats-officedocument.wordprocessingml.document,ok,4201
https://reports.aashe.org/media/secure/989/9/857/9122/WP4_Survey_SDG4U.docx,University College Cork,EN-4,Additional documentation for this credit,WP4_Survey_SDG4U.docx,32b76cdd938b2ef8.docx,108792,downloaded,application/vnd.openxmlformats-officedocument.wordprocessingml.document,ok,14652
https://reports.aashe.org/media/secure/989/9/863/9192/UCC_Crows_Nest_Tracker_Report_101225.pdf,University College Cork,OP-1,Copy of the institution’s green building standards,UCC_Crows_Nest_Tracker_Report_101225.pdf,b733e9af3c506f43.pdf,388293,downloaded,application/pdf,ok,21591
https://reports.aashe.org/media/secure/989/9/863/9311/UCC_Crows_Nest_Tracker_Report_101225.pdf,University College Cork,OP-1,Additional documentation for this credit,UCC_Crows_Nest_Tracker_Report_101225.pdf,b2d9eca9bfb1d318.pdf,388293,downloaded,application/pdf,ok,21591
https://reports.aashe.org/media/secure/989/9/866/9245/University_College_Cork_IPM.pdf,University College Cork,OP-4,Copy of the institution’s IPM protocol,University_College_Cork_IPM.pdf,c5584a159e34cc16.pdf,130171,downloaded,application/pdf,ok,2410
https://reports.aashe.org/media/secure/989/9/866/9253/University_College_Cork_IPM.pdf,University College Cork,OP-4,Document affirming the organic status of the institution’s landscaping/grounds services,University_College_Cork_IPM.pdf,4ac12378f269e246.pdf,130171,downloaded,application/pdf,ok,2410
https://reports.aashe.org/media/secure/989/9/868/9397/UCC.CarbonFootprint.YE2023v1.02025.09.16.pdf,University College Cork,OP-6,Copy of the institution’s GHG emissions inventory,UCC.CarbonFootprint.YE2023v1.02025.09.16.pdf,0dd167b00a20eaa8.pdf,1746997,downloaded,application/pdf,ok,100434
https://reports.aashe.org/media/secure/989/9/868/9443/Annual_Energy_Statement.xlsx,University College Cork,OP-6,Copy of the institution’s baseline GHG emissions inventory,Annual_Energy_Statement.xlsx,1d918f187090f0a0.xlsx,15240,downloaded,application/vnd.openxmlformats-officedocument.spreadsheetml.sheet,ok,8690
https://reports.aashe.org/media/secure/989/9/869/9373/STARS_Food_Inventory.xlsx,University College Cork,OP-7,Inventory of qualifying food and beverage purchases,STARS_Food_Inventory.xlsx,a07e939b6e0fdbdc.xlsx,236526,downloaded,application/vnd.openxmlformats-officedocument.spreadsheetml.sheet,ok,121780
https://reports.aashe.org/media/secure/989/9/871/9470/Climate_action_mandate_compliance_2024.pdf,University College Cork,OP-9,Document supporting the percentage of bid solicitations reported,Climate_action_mandate_compliance_2024.pdf,59d50fd97688c9db.pdf,374575,downloaded,application/pdf,ok,35627
https://reports.aashe.org/media/secure/989/9/881/9717/Private_Full_Transparency_Report_-_University_College_Cork_1.pdf,University College Cork,PA-4,Additional documentation for this credit,Private_Full_Transparency_Report_-_University_College_Cork_1.pdf,ccf91cb885f8b098.pdf,1549006,downloaded,application/pdf,ok,75670
https://reports.aashe.org/media/secure/989/9/882/9742/Private_Full_Transparency_Report_-_University_College_Cork_1.pdf,University College Cork,PA-5,Additional documentation for this credit,Private_Full_Transparency_Report_-_University_College_Cork_1.pdf,ded6f322d6c2caad.pdf,1549006,downloaded,application/pdf,ok,75670
https://reports.aashe.org/media/secure/989/9/884/9773/7.1_STARS_3.0_Racial_and_Ethnic_Representation_WorksheetUCC.xlsx,University College Cork,PA-7,Completed racial and ethnic diversity worksheet,7.1_STARS_3.0_Racial_and_Ethnic_Representation_WorksheetUCC.xlsx,6dd35aa17411f31d.xlsx,123493,downloaded,application/vnd.openxmlformats-officedocument.spreadsheetml.sheet,ok,6302
https://reports.aashe.org/media/secure/1646/9/842/8914/TU_Dublin_Executive_letter_STARS_Application_2024.pdf,Technological University Dublin,PRE-1,Executive cover letter,TU_Dublin_Executive_letter_STARS_Application_2024.pdf,1eba26078adb66ef.pdf,269349,downloaded,application/pdf,ok,12271
https://reports.aashe.org/media/secure/1646/9/843/8918/PRE_2_centre-for-sustainability-main.png,Technological University Dublin,PRE-2,"A photograph or document associated with the featured program, initiative, or accomplishment",PRE_2_centre-for-sustainability-main.png,995b184896fbafd2,331725,downloaded,image/png,skipped_image,0
https://reports.aashe.org/media/secure/1646/9/843/8921/PRE_2_Green-Flag.jpg,Technological University Dublin,PRE-2,"A photograph or document associated with the second featured program, initiative, or accomplishment",PRE_2_Green-Flag.jpg,37c3a49380454e36,290929,downloaded,image/jpeg,skipped_image,0
https://reports.aashe.org/media/secure/1646/9/843/8924/PRE_2_towards_a_sustainable_university_campus.jpg,Technological University Dublin,PRE-2,"A photograph or document associated with the third featured program, initiative, or accomplishment",PRE_2_towards_a_sustainable_university_campus.jpg,693eb9ea3af59f2a,498000,downloaded,image/jpeg,skipped_image,0
https://reports.aashe.org/media/secure/1646/9/846/8950/AC_1.1_sustainability_course_offerings_revised.xlsx,Technological University Dublin,AC-1,Annotated list or inventory of the institution’s sustainability course offerings by department,AC_1.1_sustainability_course_offerings_revised.xlsx,f5fcd07bae9c2aea.xlsx,49117,downloaded,application/vnd.openxmlformats-officedocument.spreadsheetml.sheet,ok,76468
https://reports.aashe.org/media/secure/1646/9/846/8955/AC_1.2_Sustainability_Course_Listings_Report_20241004.pdf,Technological University Dublin,AC-1,Publication where the institution’s sustainability course listings are maintained,AC_1.2_Sustainability_Course_Listings_Report_20241004.pdf,a2094f20cadd42bd.pdf,11535334,downloaded,application/pdf,ok,158346
https://reports.aashe.org/media/secure/1646/9/847/8963/AC_2.1_TU-Dublin-Strategic-Intent-2030.pdf,Technological University Dublin,AC-2,Publication detailing the institutional learning outcomes for undergraduate students,AC_2.1_TU-Dublin-Strategic-Intent-2030.pdf,992fad9860b940f1.pdf,2437030,downloaded,application/pdf,ok,17780
https://reports.aashe.org/media/secure/1646/9/847/8981/AC_1.1_sustainability_course_offerings_revised.xlsx,Technological University Dublin,AC-2,Additional documentation for this credit,AC_1.1_sustainability_course_offerings_revised.xlsx,e194cb5f2d1c2742.xlsx,49117,downloaded,application/vnd.openxmlformats-officedocument.spreadsheetml.sheet,ok,76468
https://reports.aashe.org/media/secure/1646/9/851/9020/AC_6.1_Annotated_List_of_Sustainability_Research_by_DPT_revised.xlsm,Technological University Dublin,AC-6,Annotated list or inventory of the institution’s sustainability research by department,AC_6.1_Annotated_List_of_Sustainability_Research_by_DPT_revised.xlsm,dd277ee7fc821d32,124924,downloaded,application/octet-stream,error,0
https://reports.aashe.org/media/secure/1646/9/853/9056/AC_8.4_open_access_policy.pdf,Technological University Dublin,AC-8,Copy of the institution’s open access policies,AC_8.4_open_access_policy.pdf,256d05e95ca5476a.pdf,1539077,downloaded,application/pdf,no_text_layer,0
https://reports.aashe.org/media/secure/1646/9/853/9062/AC_8.2_Research_Impact_Framework.pdf,Technological University Dublin,AC-8,Additional documentation for this credit,AC_8.2_Research_Impact_Framework.pdf,2a8cf6ebef86872b.pdf,14925705,downloaded,application/pdf,ok,59543
https://reports.aashe.org/media/secure/1646/9/858/9137/EN_5.3_NSMF_2024_Event_Report_20240628.docx,Technological University Dublin,EN-5,Documentary evidence of the institution’s advocacy for public policies to advance sustainability,EN_5.3_NSMF_2024_Event_Report_20240628.docx,2ecc1420fb3ce526.docx,18479899,downloaded,application/vnd.openxmlformats-officedocument.wordprocessingml.document,ok,34706
https://reports.aashe.org/media/secure/1646/9/859/9146/EN_6.3_Approaches-and-models-of-partnership-working.pdf,Technological University Dublin,EN-6,Publication that includes the community partnership guidelines,EN_6.3_Approaches-and-models-of-partnership-working.pdf,ebfd37474b018c2e.pdf,2999008,downloaded,application/pdf,ok,335222
https://reports.aashe.org/media/secure/1646/9/868/9397/OP_6.1_Climate-Action-Roadmap-June-2024.pdf,Technological University Dublin,OP-6,Copy of the institution’s GHG emissions inventory,OP_6.1_Climate-Action-Roadmap-June-2024.pdf,06759265db7f6c31.pdf,4774767,downloaded,application/pdf,ok,123806
https://reports.aashe.org/media/secure/1646/9/868/9443/OP_6.1_Climate-Action-Roadmap-June-2024.pdf,Technological University Dublin,OP-6,Copy of the institution’s baseline GHG emissions inventory,OP_6.1_Climate-Action-Roadmap-June-2024.pdf,e12f131c60fbbc67.pdf,4774767,downloaded,application/pdf,ok,123806
https://reports.aashe.org/media/uploads/test_cases/OP7_OP8_Food_and_Beverage_Purchasing_Inventory_Revised_2.xlsx,Technological University Dublin,OP-7,Inventory of qualifying food and beverage purchases,OP7_OP8_Food_and_Beverage_Purchasing_Inventory_Revised_2.xlsx,4cfa44a6ab3f0d32.xlsx,220804,downloaded,application/vnd.openxmlformats-officedocument.spreadsheetml.sheet,ok,26081
https://reports.aashe.org/media/secure/1646/9/871/9470/Green_Public_Procurement___TU_Dublin.pdf,Technological University Dublin,OP-9,Document supporting the percentage of bid solicitations reported,Green_Public_Procurement___TU_Dublin.pdf,a028c969d0ff9543.pdf,469365,downloaded,application/pdf,ok,2495
https://reports.aashe.org/media/secure/1646/9/884/9773/PA_7.1_7.2_7.3_Racial_and_Ethnic_Diversity_Worksheet.xlsx,Technological University Dublin,PA-7,Completed racial and ethnic diversity worksheet,PA_7.1_7.2_7.3_Racial_and_Ethnic_Diversity_Worksheet.xlsx,c17e1e106fd66f8d.xlsx,133241,downloaded,application/vnd.openxmlformats-officedocument.spreadsheetml.sheet,ok,7318
https://reports.aashe.org/media/secure/1646/9/887/9827/PA_10.3_Progression_rates_by_Ethnicity.xlsx,Technological University Dublin,PA-10,"Document that includes completion rates for each marginalized racial, ethnic, and/or Indigenous group served by the institution",PA_10.3_Progression_rates_by_Ethnicity.xlsx,053e1f84a5c9e905.xlsx,23761,downloaded,application/vnd.openxmlformats-officedocument.spreadsheetml.sheet,ok,1413
https://reports.aashe.org/media/secure/1646/9/893/9932/AC_1.1_sustainability_course_offerings.xlsm,Technological University Dublin,IL-3,Copy of the sustainability course inventory,AC_1.1_sustainability_course_offerings.xlsm,53670d022c9ea8bc,4159879,downloaded,application/octet-stream,error,0
https://reports.aashe.org/media/secure/1646/9/896/9947/AC_6.1_Annotated_List_of_Sustainability_Research_by_Department.xlsm,Technological University Dublin,IL-6,Copy of the sustainability research inventory,AC_6.1_Annotated_List_of_Sustainability_Research_by_Department.xlsm,380b39ef7a6bd58b,4323658,downloaded,application/octet-stream,error,0
https://reports.aashe.org/media/secure/1646/9/908/10005/IL_18_Sustainability_Continuing_Courses_inventory.xlsx,Technological University Dublin,IL-18,Copy of the continuing education course/program inventory,IL_18_Sustainability_Continuing_Courses_inventory.xlsx,59d99eb233a9a99c.xlsx,86700,downloaded,application/vnd.openxmlformats-officedocument.spreadsheetml.sheet,ok,477318
