institution,institution_key,gri_standard,gri_disclosure,gri_title,status,values_available,citable
"University of California, Berkeley",berkeley,GRI 2,2-1,Organizational details,Reported,1,True
University College Cork,cork,GRI 2,2-1,Organizational details,Reported,1,True
Technological University Dublin,tudublin,GRI 2,2-1,Organizational details,Reported,1,True
"University of California, Berkeley",berkeley,GRI 2,2-2,Entities included in the organization’s sustainability reporting,Reported,1,True
University College Cork,cork,GRI 2,2-2,Entities included in the organization’s sustainability reporting,Reported,1,True
Technological University Dublin,tudublin,GRI 2,2-2,Entities included in the organization’s sustainability reporting,Reported,1,True
"University of California, Berkeley",berkeley,GRI 2,2-3,"Reporting period, frequency and contact point",Partially reported,2,False
University College Cork,cork,GRI 2,2-3,"Reporting period, frequency and contact point",Partially reported,2,False
Technological University Dublin,tudublin,GRI 2,2-3,"Reporting period, frequency and contact point",Partially reported,2,False
"University of California, Berkeley",berkeley,GRI 2,2-4,Restatements of information,Not reported,0,False
University College Cork,cork,GRI 2,2-4,Restatements of information,Not reported,0,False
Technological University Dublin,tudublin,GRI 2,2-4,Restatements of information,Not reported,0,False
"University of California, Berkeley",berkeley,GRI 2,2-5,External assurance,Reported,1,True
University College Cork,cork,GRI 2,2-5,External assurance,Reported,2,True
Technological University Dublin,tudublin,GRI 2,2-5,External assurance,Reported,1,True
"University of California, Berkeley",berkeley,GRI 2,2-6,"Activities, value chain and other business relationships",Partially reported,1,False
University College Cork,cork,GRI 2,2-6,"Activities, value chain and other business relationships",Partially reported,1,False
Technological University Dublin,tudublin,GRI 2,2-6,"Activities, value chain and other business relationships",Partially reported,1,False
"University of California, Berkeley",berkeley,GRI 2,2-7,Employees,Partially reported,1,False
University College Cork,cork,GRI 2,2-7,Employees,Partially reported,1,False
Technological University Dublin,tudublin,GRI 2,2-7,Employees,Partially reported,1,False
"University of California, Berkeley",berkeley,GRI 2,2-8,Workers who are not employees,Not reported,0,False
University College Cork,cork,GRI 2,2-8,Workers who are not employees,Not reported,0,False
Technological University Dublin,tudublin,GRI 2,2-8,Workers who are not employees,Not reported,0,False
"University of California, Berkeley",berkeley,GRI 2,2-9,Governance structure and composition,Reported,4,True
University College Cork,cork,GRI 2,2-9,Governance structure and composition,Reported,4,True
Technological University Dublin,tudublin,GRI 2,2-9,Governance structure and composition,Reported,4,True
"University of California, Berkeley",berkeley,GRI 2,2-10,Nomination and selection of the highest governance body,Not reported,0,False
University College Cork,cork,GRI 2,2-10,Nomination and selection of the highest governance body,Not reported,0,False
Technological University Dublin,tudublin,GRI 2,2-10,Nomination and selection of the highest governance body,Not reported,0,False
"University of California, Berkeley",berkeley,GRI 2,2-11,Chair of the highest governance body,Not reported,0,False
University College Cork,cork,GRI 2,2-11,Chair of the highest governance body,Not reported,0,False
Technological University Dublin,tudublin,GRI 2,2-11,Chair of the highest governance body,Not reported,0,False
"University of California, Berkeley",berkeley,GRI 2,2-12,Role of the highest governance body in overseeing the management of impacts,Not reported,0,False
University College Cork,cork,GRI 2,2-12,Role of the highest governance body in overseeing the management of impacts,Not reported,0,False
Technological University Dublin,tudublin,GRI 2,2-12,Role of the highest governance body in overseeing the management of impacts,Not reported,0,False
"University of California, Berkeley",berkeley,GRI 2,2-13,Delegation of responsibility for managing impacts,Reported,3,True
University College Cork,cork,GRI 2,2-13,Delegation of responsibility for managing impacts,Reported,3,True
Technological University Dublin,tudublin,GRI 2,2-13,Delegation of responsibility for managing impacts,Reported,3,True
"University of California, Berkeley",berkeley,GRI 2,2-14,Role of the highest governance body in sustainability reporting,Partially reported,1,False
University College Cork,cork,GRI 2,2-14,Role of the highest governance body in sustainability reporting,Partially reported,1,False
Technological University Dublin,tudublin,GRI 2,2-14,Role of the highest governance body in sustainability reporting,Partially reported,1,False
"University of California, Berkeley",berkeley,GRI 2,2-15,Conflicts of interest,Not reported,0,False
University College Cork,cork,GRI 2,2-15,Conflicts of interest,Not reported,0,False
Technological University Dublin,tudublin,GRI 2,2-15,Conflicts of interest,Not reported,0,False
"University of California, Berkeley",berkeley,GRI 2,2-16,Communication of critical concerns,Not reported,0,False
University College Cork,cork,GRI 2,2-16,Communication of critical concerns,Not reported,0,False
Technological University Dublin,tudublin,GRI 2,2-16,Communication of critical concerns,Not reported,0,False
"University of California, Berkeley",berkeley,GRI 2,2-17,Collective knowledge of the highest governance body,Not reported,0,False
University College Cork,cork,GRI 2,2-17,Collective knowledge of the highest governance body,Not reported,0,False
Technological University Dublin,tudublin,GRI 2,2-17,Collective knowledge of the highest governance body,Not reported,0,False
"University of California, Berkeley",berkeley,GRI 2,2-18,Evaluation of the performance of the highest governance body,Not reported,0,False
University College Cork,cork,GRI 2,2-18,Evaluation of the performance of the highest governance body,Not reported,0,False
Technological University Dublin,tudublin,GRI 2,2-18,Evaluation of the performance of the highest governance body,Not reported,0,False
"University of California, Berkeley",berkeley,GRI 2,2-19,Remuneration policies,Not reported,0,False
University College Cork,cork,GRI 2,2-19,Remuneration policies,Not reported,0,False
Technological University Dublin,tudublin,GRI 2,2-19,Remuneration policies,Not reported,0,False
"University of California, Berkeley",berkeley,GRI 2,2-20,Process to determine remuneration,Not reported,0,False
University College Cork,cork,GRI 2,2-20,Process to determine remuneration,Not reported,0,False
Technological University Dublin,tudublin,GRI 2,2-20,Process to determine remuneration,Not reported,0,False
"University of California, Berkeley",berkeley,GRI 2,2-21,Annual total compensation ratio,Not reported,0,False
University College Cork,cork,GRI 2,2-21,Annual total compensation ratio,Not reported,0,False
Technological University Dublin,tudublin,GRI 2,2-21,Annual total compensation ratio,Partially reported,1,False
"University of California, Berkeley",berkeley,GRI 2,2-22,Statement on sustainable development strategy,Partially reported,1,False
University College Cork,cork,GRI 2,2-22,Statement on sustainable development strategy,Partially reported,1,False
Technological University Dublin,tudublin,GRI 2,2-22,Statement on sustainable development strategy,Partially reported,1,False
"University of California, Berkeley",berkeley,GRI 2,2-23,Policy commitments,Reported,2,True
University College Cork,cork,GRI 2,2-23,Policy commitments,Reported,2,True
Technological University Dublin,tudublin,GRI 2,2-23,Policy commitments,Reported,2,True
"University of California, Berkeley",berkeley,GRI 2,2-24,Embedding policy commitments,Reported,3,True
University College Cork,cork,GRI 2,2-24,Embedding policy commitments,Reported,3,True
Technological University Dublin,tudublin,GRI 2,2-24,Embedding policy commitments,Reported,3,True
"University of California, Berkeley",berkeley,GRI 2,2-25,Processes to remediate negative impacts,Partially reported,1,False
University College Cork,cork,GRI 2,2-25,Processes to remediate negative impacts,Partially reported,1,False
Technological University Dublin,tudublin,GRI 2,2-25,Processes to remediate negative impacts,Partially reported,1,False
"University of California, Berkeley",berkeley,GRI 2,2-26,Mechanisms for seeking advice and raising concerns,Reported,2,True
University College Cork,cork,GRI 2,2-26,Mechanisms for seeking advice and raising concerns,Reported,2,True
Technological University Dublin,tudublin,GRI 2,2-26,Mechanisms for seeking advice and raising concerns,Reported,2,True
"University of California, Berkeley",berkeley,GRI 2,2-27,Compliance with laws and regulations,Not reported,0,False
University College Cork,cork,GRI 2,2-27,Compliance with laws and regulations,Not reported,0,False
Technological University Dublin,tudublin,GRI 2,2-27,Compliance with laws and regulations,Not reported,0,False
"University of California, Berkeley",berkeley,GRI 2,2-28,Membership associations,Partially reported,1,False
University College Cork,cork,GRI 2,2-28,Membership associations,Partially reported,1,False
Technological University Dublin,tudublin,GRI 2,2-28,Membership associations,Partially reported,1,False
"University of California, Berkeley",berkeley,GRI 2,2-29,Approach to stakeholder engagement,Reported,4,True
University College Cork,cork,GRI 2,2-29,Approach to stakeholder engagement,Reported,4,True
Technological University Dublin,tudublin,GRI 2,2-29,Approach to stakeholder engagement,Reported,4,True
"University of California, Berkeley",berkeley,GRI 2,2-30,Collective bargaining agreements,Not reported,0,False
University College Cork,cork,GRI 2,2-30,Collective bargaining agreements,Not reported,0,False
Technological University Dublin,tudublin,GRI 2,2-30,Collective bargaining agreements,Not reported,0,False
"University of California, Berkeley",berkeley,GRI 3,3-1,Process to determine material topics,Not reported,0,False
University College Cork,cork,GRI 3,3-1,Process to determine material topics,Not reported,0,False
Technological University Dublin,tudublin,GRI 3,3-1,Process to determine material topics,Not reported,0,False
"University of California, Berkeley",berkeley,GRI 3,3-2,List of material topics,Partially reported,5,False
University College Cork,cork,GRI 3,3-2,List of material topics,Partially reported,5,False
Technological University Dublin,tudublin,GRI 3,3-2,List of material topics,Partially reported,5,False
"University of California, Berkeley",berkeley,GRI 3,3-3,Management of material topics,Partially reported,3,False
University College Cork,cork,GRI 3,3-3,Management of material topics,Partially reported,3,False
Technological University Dublin,tudublin,GRI 3,3-3,Management of material topics,Partially reported,3,False
"University of California, Berkeley",berkeley,GRI 202,202-1,Ratios of standard entry level wage by gender compared to local minimum wage,Reported,4,True
University College Cork,cork,GRI 202,202-1,Ratios of standard entry level wage by gender compared to local minimum wage,Reported,4,True
Technological University Dublin,tudublin,GRI 202,202-1,Ratios of standard entry level wage by gender compared to local minimum wage,Reported,4,True
"University of California, Berkeley",berkeley,GRI 202,202-2,Proportion of senior management hired from the local community,Not reported,0,False
University College Cork,cork,GRI 202,202-2,Proportion of senior management hired from the local community,Not reported,0,False
Technological University Dublin,tudublin,GRI 202,202-2,Proportion of senior management hired from the local community,Not reported,0,False
"University of California, Berkeley",berkeley,GRI 204,204-1,Proportion of spending on local suppliers,Not reported,0,False
University College Cork,cork,GRI 204,204-1,Proportion of spending on local suppliers,Not reported,0,False
Technological University Dublin,tudublin,GRI 204,204-1,Proportion of spending on local suppliers,Not reported,0,False
"University of California, Berkeley",berkeley,GRI 301,301-1,Materials used by weight or volume,Not reported,0,False
University College Cork,cork,GRI 301,301-1,Materials used by weight or volume,Not reported,0,False
Technological University Dublin,tudublin,GRI 301,301-1,Materials used by weight or volume,Not reported,0,False
"University of California, Berkeley",berkeley,GRI 301,301-2,Recycled input materials used,Not reported,0,False
University College Cork,cork,GRI 301,301-2,Recycled input materials used,Not reported,0,False
Technological University Dublin,tudublin,GRI 301,301-2,Recycled input materials used,Not reported,0,False
"University of California, Berkeley",berkeley,GRI 301,301-3,Reclaimed products and their packaging materials,Not reported,0,False
University College Cork,cork,GRI 301,301-3,Reclaimed products and their packaging materials,Not reported,0,False
Technological University Dublin,tudublin,GRI 301,301-3,Reclaimed products and their packaging materials,Not reported,0,False
"University of California, Berkeley",berkeley,GRI 302,302-1,Energy consumption within the organization,Reported,11,True
University College Cork,cork,GRI 302,302-1,Energy consumption within the organization,Reported,11,True
Technological University Dublin,tudublin,GRI 302,302-1,Energy consumption within the organization,Reported,11,True
"University of California, Berkeley",berkeley,GRI 302,302-2,Energy consumption outside of the organization,Not reported,0,False
University College Cork,cork,GRI 302,302-2,Energy consumption outside of the organization,Not reported,0,False
Technological University Dublin,tudublin,GRI 302,302-2,Energy consumption outside of the organization,Not reported,0,False
"University of California, Berkeley",berkeley,GRI 302,302-3,Energy intensity,Reported,2,True
University College Cork,cork,GRI 302,302-3,Energy intensity,Reported,2,True
Technological University Dublin,tudublin,GRI 302,302-3,Energy intensity,Reported,2,True
"University of California, Berkeley",berkeley,GRI 302,302-4,Reduction of energy consumption,Not reported,0,False
University College Cork,cork,GRI 302,302-4,Reduction of energy consumption,Not reported,0,False
Technological University Dublin,tudublin,GRI 302,302-4,Reduction of energy consumption,Not reported,0,False
"University of California, Berkeley",berkeley,GRI 302,302-5,Reductions in energy requirements of products and services,Not reported,0,False
University College Cork,cork,GRI 302,302-5,Reductions in energy requirements of products and services,Not reported,0,False
Technological University Dublin,tudublin,GRI 302,302-5,Reductions in energy requirements of products and services,Not reported,0,False
"University of California, Berkeley",berkeley,GRI 303,303-1,Interactions with water as a shared resource,Reported,2,True
University College Cork,cork,GRI 303,303-1,Interactions with water as a shared resource,Reported,2,True
Technological University Dublin,tudublin,GRI 303,303-1,Interactions with water as a shared resource,Reported,2,True
"University of California, Berkeley",berkeley,GRI 303,303-2,Management of water discharge-related impacts,Not reported,0,False
University College Cork,cork,GRI 303,303-2,Management of water discharge-related impacts,Not reported,0,False
Technological University Dublin,tudublin,GRI 303,303-2,Management of water discharge-related impacts,Not reported,0,False
"University of California, Berkeley",berkeley,GRI 303,303-3,Water withdrawal,Reported,3,True
University College Cork,cork,GRI 303,303-3,Water withdrawal,Reported,3,True
Technological University Dublin,tudublin,GRI 303,303-3,Water withdrawal,Reported,3,True
"University of California, Berkeley",berkeley,GRI 303,303-4,Water discharge,Not reported,0,False
University College Cork,cork,GRI 303,303-4,Water discharge,Not reported,0,False
Technological University Dublin,tudublin,GRI 303,303-4,Water discharge,Not reported,0,False
"University of California, Berkeley",berkeley,GRI 303,303-5,Water consumption,Not reported,0,False
University College Cork,cork,GRI 303,303-5,Water consumption,Not reported,0,False
Technological University Dublin,tudublin,GRI 303,303-5,Water consumption,Not reported,0,False
"University of California, Berkeley",berkeley,GRI 305,305-1,Direct (Scope 1) GHG emissions,Reported,8,True
University College Cork,cork,GRI 305,305-1,Direct (Scope 1) GHG emissions,Reported,9,True
Technological University Dublin,tudublin,GRI 305,305-1,Direct (Scope 1) GHG emissions,Reported,8,True
"University of California, Berkeley",berkeley,GRI 305,305-2,Energy indirect (Scope 2) GHG emissions,Reported,6,True
University College Cork,cork,GRI 305,305-2,Energy indirect (Scope 2) GHG emissions,Reported,8,True
Technological University Dublin,tudublin,GRI 305,305-2,Energy indirect (Scope 2) GHG emissions,Reported,7,True
"University of California, Berkeley",berkeley,GRI 305,305-3,Other indirect (Scope 3) GHG emissions,Reported,4,True
University College Cork,cork,GRI 305,305-3,Other indirect (Scope 3) GHG emissions,Reported,5,True
Technological University Dublin,tudublin,GRI 305,305-3,Other indirect (Scope 3) GHG emissions,Reported,6,True
"University of California, Berkeley",berkeley,GRI 305,305-4,GHG emissions intensity,Reported,2,True
University College Cork,cork,GRI 305,305-4,GHG emissions intensity,Reported,2,True
Technological University Dublin,tudublin,GRI 305,305-4,GHG emissions intensity,Reported,2,True
"University of California, Berkeley",berkeley,GRI 305,305-5,Reduction of GHG emissions,Reported,6,True
University College Cork,cork,GRI 305,305-5,Reduction of GHG emissions,Reported,6,True
Technological University Dublin,tudublin,GRI 305,305-5,Reduction of GHG emissions,Reported,6,True
"University of California, Berkeley",berkeley,GRI 305,305-6,Emissions of ozone-depleting substances (ODS),Not reported,0,False
University College Cork,cork,GRI 305,305-6,Emissions of ozone-depleting substances (ODS),Not reported,0,False
Technological University Dublin,tudublin,GRI 305,305-6,Emissions of ozone-depleting substances (ODS),Not reported,0,False
"University of California, Berkeley",berkeley,GRI 305,305-7,"Nitrogen oxides (NOx), sulfur oxides (SOx), and other significant air emissions",Not reported,0,False
University College Cork,cork,GRI 305,305-7,"Nitrogen oxides (NOx), sulfur oxides (SOx), and other significant air emissions",Not reported,0,False
Technological University Dublin,tudublin,GRI 305,305-7,"Nitrogen oxides (NOx), sulfur oxides (SOx), and other significant air emissions",Not reported,0,False
"University of California, Berkeley",berkeley,GRI 306,306-1,Waste generation and significant waste-related impacts,Not reported,0,False
University College Cork,cork,GRI 306,306-1,Waste generation and significant waste-related impacts,Not reported,0,False
Technological University Dublin,tudublin,GRI 306,306-1,Waste generation and significant waste-related impacts,Not reported,0,False
"University of California, Berkeley",berkeley,GRI 306,306-2,Management of significant waste-related impacts,Reported,6,True
University College Cork,cork,GRI 306,306-2,Management of significant waste-related impacts,Reported,6,True
Technological University Dublin,tudublin,GRI 306,306-2,Management of significant waste-related impacts,Reported,6,True
"University of California, Berkeley",berkeley,GRI 306,306-3,Waste generated,Reported,2,True
University College Cork,cork,GRI 306,306-3,Waste generated,Reported,2,True
Technological University Dublin,tudublin,GRI 306,306-3,Waste generated,Reported,2,True
"University of California, Berkeley",berkeley,GRI 306,306-4,Waste diverted from disposal,Reported,7,True
University College Cork,cork,GRI 306,306-4,Waste diverted from disposal,Reported,7,True
Technological University Dublin,tudublin,GRI 306,306-4,Waste diverted from disposal,Reported,7,True
"University of California, Berkeley",berkeley,GRI 306,306-5,Waste directed to disposal,Reported,2,True
University College Cork,cork,GRI 306,306-5,Waste directed to disposal,Reported,2,True
Technological University Dublin,tudublin,GRI 306,306-5,Waste directed to disposal,Reported,2,True
"University of California, Berkeley",berkeley,GRI 308,308-1,New suppliers that were screened using environmental criteria,Partially reported,2,False
University College Cork,cork,GRI 308,308-1,New suppliers that were screened using environmental criteria,Partially reported,2,False
Technological University Dublin,tudublin,GRI 308,308-1,New suppliers that were screened using environmental criteria,Partially reported,2,False
"University of California, Berkeley",berkeley,GRI 308,308-2,Negative environmental impacts in the supply chain and actions taken,Not reported,0,False
University College Cork,cork,GRI 308,308-2,Negative environmental impacts in the supply chain and actions taken,Not reported,0,False
Technological University Dublin,tudublin,GRI 308,308-2,Negative environmental impacts in the supply chain and actions taken,Not reported,0,False
"University of California, Berkeley",berkeley,GRI 401,401-1,New employee hires and employee turnover,Not reported,0,False
University College Cork,cork,GRI 401,401-1,New employee hires and employee turnover,Not reported,0,False
Technological University Dublin,tudublin,GRI 401,401-1,New employee hires and employee turnover,Not reported,0,False
"University of California, Berkeley",berkeley,GRI 401,401-2,Benefits provided to full-time employees that are not provided to temporary or part-time employees,Partially reported,1,False
University College Cork,cork,GRI 401,401-2,Benefits provided to full-time employees that are not provided to temporary or part-time employees,Partially reported,1,False
Technological University Dublin,tudublin,GRI 401,401-2,Benefits provided to full-time employees that are not provided to temporary or part-time employees,Partially reported,1,False
"University of California, Berkeley",berkeley,GRI 401,401-3,Parental leave,Partially reported,2,False
University College Cork,cork,GRI 401,401-3,Parental leave,Partially reported,2,False
Technological University Dublin,tudublin,GRI 401,401-3,Parental leave,Partially reported,2,False
"University of California, Berkeley",berkeley,GRI 403,403-1,Occupational health and safety management system,Partially reported,1,False
University College Cork,cork,GRI 403,403-1,Occupational health and safety management system,Partially reported,1,False
Technological University Dublin,tudublin,GRI 403,403-1,Occupational health and safety management system,Partially reported,1,False
"University of California, Berkeley",berkeley,GRI 403,403-2,"Hazard identification, risk assessment, and incident investigation",Not reported,0,False
University College Cork,cork,GRI 403,403-2,"Hazard identification, risk assessment, and incident investigation",Not reported,0,False
Technological University Dublin,tudublin,GRI 403,403-2,"Hazard identification, risk assessment, and incident investigation",Not reported,0,False
"University of California, Berkeley",berkeley,GRI 403,403-3,Occupational health services,Partially reported,1,False
University College Cork,cork,GRI 403,403-3,Occupational health services,Partially reported,1,False
Technological University Dublin,tudublin,GRI 403,403-3,Occupational health services,Partially reported,1,False
"University of California, Berkeley",berkeley,GRI 403,403-4,"Worker participation, consultation, and communication on occupational health and safety",Reported,2,True
University College Cork,cork,GRI 403,403-4,"Worker participation, consultation, and communication on occupational health and safety",Reported,2,True
Technological University Dublin,tudublin,GRI 403,403-4,"Worker participation, consultation, and communication on occupational health and safety",Reported,2,True
"University of California, Berkeley",berkeley,GRI 403,403-5,Worker training on occupational health and safety,Not reported,0,False
University College Cork,cork,GRI 403,403-5,Worker training on occupational health and safety,Not reported,0,False
Technological University Dublin,tudublin,GRI 403,403-5,Worker training on occupational health and safety,Not reported,0,False
"University of California, Berkeley",berkeley,GRI 403,403-6,Promotion of worker health,Reported,5,True
University College Cork,cork,GRI 403,403-6,Promotion of worker health,Reported,5,True
Technological University Dublin,tudublin,GRI 403,403-6,Promotion of worker health,Reported,5,True
"University of California, Berkeley",berkeley,GRI 403,403-7,Prevention and mitigation of occupational health and safety impacts directly linked by business relationships,Not reported,0,False
University College Cork,cork,GRI 403,403-7,Prevention and mitigation of occupational health and safety impacts directly linked by business relationships,Not reported,0,False
Technological University Dublin,tudublin,GRI 403,403-7,Prevention and mitigation of occupational health and safety impacts directly linked by business relationships,Not reported,0,False
"University of California, Berkeley",berkeley,GRI 403,403-8,Workers covered by an occupational health and safety management system,Not reported,0,False
University College Cork,cork,GRI 403,403-8,Workers covered by an occupational health and safety management system,Not reported,0,False
Technological University Dublin,tudublin,GRI 403,403-8,Workers covered by an occupational health and safety management system,Not reported,0,False
"University of California, Berkeley",berkeley,GRI 403,403-9,Work-related injuries,Not reported,0,False
University College Cork,cork,GRI 403,403-9,Work-related injuries,Not reported,0,False
Technological University Dublin,tudublin,GRI 403,403-9,Work-related injuries,Not reported,0,False
"University of California, Berkeley",berkeley,GRI 403,403-10,Work-related ill health,Not reported,0,False
University College Cork,cork,GRI 403,403-10,Work-related ill health,Not reported,0,False
Technological University Dublin,tudublin,GRI 403,403-10,Work-related ill health,Not reported,0,False
"University of California, Berkeley",berkeley,GRI 405,405-1,Diversity of governance bodies and employees,Reported,6,True
University College Cork,cork,GRI 405,405-1,Diversity of governance bodies and employees,Reported,6,True
Technological University Dublin,tudublin,GRI 405,405-1,Diversity of governance bodies and employees,Reported,6,True
"University of California, Berkeley",berkeley,GRI 405,405-2,Ratio of basic salary and remuneration of women to men,Not reported,0,False
University College Cork,cork,GRI 405,405-2,Ratio of basic salary and remuneration of women to men,Not reported,0,False
Technological University Dublin,tudublin,GRI 405,405-2,Ratio of basic salary and remuneration of women to men,Not reported,0,False
